epoch,time,train/box_loss,train/seg_loss,train/cls_loss,train/dfl_loss,metrics/precision(B),metrics/recall(B),metrics/mAP50(B),metrics/mAP50-95(B),metrics/precision(M),metrics/recall(M),metrics/mAP50(M),metrics/mAP50-95(M),val/box_loss,val/seg_loss,val/cls_loss,val/dfl_loss,lr/pg0,lr/pg1,lr/pg2
1,4.25403,3.65124,5.73254,3.49114,2.68679,0.005,0.01531,0.00265,0.00129,0,0,0,0,3.51549,5.18953,3.60301,2.69767,0,0,0
2,7.7077,3.76727,4.71992,3.68054,2.42046,0.005,0.01531,0.00265,0.00129,0,0,0,0,3.49343,5.19781,3.6033,2.69013,0.0001,0.0001,0.0001
3,12.0154,3.35715,5.16081,3.43075,2.42705,0.005,0.01531,0.00263,0.00103,0,0,0,0,3.51065,5.17333,3.61245,2.6845,0.0002,0.0002,0.0002
4,15.1473,3.61123,5.53528,3.6532,2.52828,0.005,0.01531,0.00262,0.00112,0,0,0,0,3.53396,5.20323,3.61627,2.6927,0.0003,0.0003,0.0003
5,18.7288,3.33539,5.21637,3.63615,2.34014,0.005,0.01531,0.00259,0.00103,0,0,0,0,3.4885,5.10876,3.59425,2.68478,0.0004,0.0004,0.0004
6,22.9577,3.54964,5.71055,3.54934,2.65113,0.005,0.01531,0.00259,0.00094,0.00167,0.0051,0.00084,8e-05,3.50228,4.94049,3.58474,2.67749,0.0005,0.0005,0.0005
7,26.5005,3.50904,5.14354,3.64126,2.44637,0.00344,0.0102,0.00177,0.00106,0,0,0,0,3.3777,4.90677,3.56633,2.72343,0.0006,0.0006,0.0006
8,29.5415,3.54647,5.02533,3.49082,2.53914,0.005,0.01531,0.00259,0.00094,0,0,0,0,3.40992,4.66073,3.58702,2.67349,0.0007,0.0007,0.0007
9,32.3358,3.19223,4.95766,3.53079,2.37086,0.00502,0.01531,0.00262,0.00104,0.00167,0.0051,0.00085,9e-05,3.32469,4.4277,3.57764,2.62463,0.0008,0.0008,0.0008
10,35.2738,3.5468,4.35217,3.61228,2.38736,0.01,0.03061,0.00535,0.00157,0.00667,0.02041,0.00345,0.00069,3.32033,4.08146,3.5417,2.59599,0.0009,0.0009,0.0009
11,38.0302,3.63717,5.07509,3.53797,2.61383,0.00344,0.0102,0.00185,0.00116,0,0,0,0,3.41735,4.25023,3.61496,2.82397,0.001,0.001,0.001
12,41.008,3.55256,4.12341,3.5971,2.51127,0.00524,0.01531,0.00286,0.0011,0,0,0,0,3.45156,4.10927,3.60362,2.82172,0.0011,0.0011,0.0011
13,43.8587,3.37533,4.30922,3.67757,2.19963,0.00705,0.02041,0.0038,0.00176,0.00353,0.0102,0.00179,0.00027,3.40124,3.96533,3.59336,2.77716,0.0012,0.0012,0.0012
14,46.7468,3.30188,4.30733,3.51102,2.42805,0.00678,0.02041,0.00358,0.00178,0.00678,0.02041,0.00351,0.0007,3.31052,3.8747,3.55573,2.72353,0.0013,0.0013,0.0013
15,49.8381,3.21017,3.65616,3.54438,2.0106,0.01015,0.03061,0.00543,0.00276,0.00846,0.02551,0.00455,0.00108,3.26471,3.78728,3.52117,2.64847,0.0014,0.0014,0.0014
16,52.6455,3.44328,4.05438,3.57147,2.15987,0.01007,0.03061,0.00556,0.00234,0.00839,0.02551,0.00455,0.00107,3.25201,3.76596,3.5255,2.57859,0.0015,0.0015,0.0015
17,55.7021,2.96774,4.096,3.45285,2.14913,0.01167,0.03571,0.00645,0.00261,0.00833,0.02551,0.00471,0.00126,3.22899,3.6919,3.51702,2.5496,0.0016,0.0016,0.0016
18,58.6771,3.53819,4.49872,3.56295,2.27787,0.01167,0.03571,0.00645,0.00261,0.00833,0.02551,0.00471,0.00126,3.22899,3.6919,3.51702,2.5496,0.0017,0.0017,0.0017
19,62.1573,2.92138,3.55764,3.49433,1.99037,0.01015,0.03061,0.00571,0.0022,0.00846,0.02551,0.00454,0.001,3.26662,3.63998,3.53559,2.59712,0.0018,0.0018,0.0018
20,66.5219,3.05427,3.82934,3.43504,2.03467,0.01015,0.03061,0.00571,0.0022,0.00846,0.02551,0.00454,0.001,3.26662,3.63998,3.53559,2.59712,0.0019,0.0019,0.0019
21,69.6155,3.07615,4.15346,3.41636,2.13466,0.01007,0.03061,0.00581,0.00263,0.00671,0.02041,0.00365,0.00118,3.19158,3.6846,3.50232,2.54717,0.002,0.002,0.002
22,72.6218,2.94093,3.56942,3.52083,1.90256,0.01007,0.03061,0.00581,0.00263,0.00671,0.02041,0.00365,0.00118,3.19158,3.6846,3.50232,2.54717,0.0021,0.0021,0.0021
23,75.3639,2.98797,3.85969,3.51293,2.0643,0.01178,0.03571,0.00702,0.00292,0.00505,0.01531,0.00268,0.00097,3.08182,3.72093,3.47287,2.47827,0.0022,0.0022,0.0022
24,78.0526,2.78196,3.40786,3.31868,1.8857,0.01178,0.03571,0.00702,0.00292,0.00505,0.01531,0.00268,0.00097,3.08182,3.72093,3.47287,2.47827,0.0023,0.0023,0.0023
25,80.9146,2.83673,3.08554,3.49476,1.83521,0.01,0.03061,0.00579,0.00204,0.005,0.01531,0.00257,0.00077,3.10008,3.82627,3.52792,2.54757,0.0024,0.0024,0.0024
26,83.7216,2.7754,3.6137,3.34939,2.05358,0.01,0.03061,0.00579,0.00204,0.005,0.01531,0.00257,0.00077,3.10008,3.82627,3.52792,2.54757,0.0025,0.0025,0.0025
27,86.5049,2.81393,3.04515,3.44365,1.83415,0.00835,0.02551,0.00499,0.00167,0.00334,0.0102,0.00175,0.0006,3.23385,3.88257,3.56451,2.67299,0.0026,0.0026,0.0026
28,89.382,3.27544,3.99378,3.39944,2.05261,0.00835,0.02551,0.00499,0.00167,0.00334,0.0102,0.00175,0.0006,3.23385,3.88257,3.56451,2.67299,0.0027,0.0027,0.0027
29,92.0666,2.907,3.91581,3.26905,1.95883,0.00855,0.02551,0.00458,0.00215,0.00342,0.0102,0.00184,0.00045,3.35522,3.90609,3.53096,2.57478,0.0028,0.0028,0.0028
30,95.1642,2.66723,3.0477,3.34048,1.79485,0.00855,0.02551,0.00458,0.00215,0.00342,0.0102,0.00184,0.00045,3.35522,3.90609,3.53096,2.57478,0.0029,0.0029,0.0029
31,98.3866,3.0832,3.70717,3.42834,1.91569,0.00675,0.02041,0.00359,0.00193,0.00506,0.01531,0.00264,0.00078,3.30091,3.8052,3.50693,2.46068,0.003,0.003,0.003
32,101.358,2.94407,3.53806,3.35866,2.02646,0.00675,0.02041,0.00359,0.00193,0.00506,0.01531,0.00264,0.00078,3.30091,3.8052,3.50693,2.46068,0.0031,0.0031,0.0031
33,104.472,2.87671,3.46982,3.26694,1.90654,0.01333,0.04082,0.00722,0.00177,0.01,0.03061,0.00529,0.00131,3.33557,3.77457,3.48384,2.32752,0.0032,0.0032,0.0032
34,107.476,2.84239,3.26801,3.35172,1.87821,0.01333,0.04082,0.00722,0.00177,0.01,0.03061,0.00529,0.00131,3.33557,3.77457,3.48384,2.32752,0.0033,0.0033,0.0033
35,110.837,3.12064,3.57948,3.2014,1.89712,0.01167,0.03571,0.00669,0.00335,0.00667,0.02041,0.004,0.00111,2.85486,3.77742,3.43416,2.10409,0.0034,0.0034,0.0034
36,113.793,2.81232,3.80748,3.33101,1.93509,0.01167,0.03571,0.00669,0.00335,0.00667,0.02041,0.004,0.00111,2.85486,3.77742,3.43416,2.10409,0.0035,0.0035,0.0035
37,117.152,2.81267,3.41692,3.29686,1.78531,0.01,0.03061,0.00577,0.0026,0.005,0.01531,0.00271,0.00098,2.8336,3.84052,3.42379,2.05799,0.0036,0.0036,0.0036
38,120.252,2.85863,3.14347,3.21445,1.75943,0.01,0.03061,0.00577,0.0026,0.005,0.01531,0.00271,0.00098,2.8336,3.84052,3.42379,2.05799,0.0037,0.0037,0.0037
39,123.354,2.70266,3.52157,3.15565,1.83921,0.01333,0.04082,0.00868,0.00331,0.01333,0.04082,0.00845,0.00195,2.98605,3.88856,3.35815,1.9858,0.0038,0.0038,0.0038
40,126.57,2.52558,3.02784,3.05978,1.70729,0.01333,0.04082,0.00868,0.00331,0.01333,0.04082,0.00845,0.00195,2.98605,3.88856,3.35815,1.9858,0.0039,0.0039,0.0039
41,129.74,2.72729,3.49031,3.16031,1.72937,0.01333,0.04082,0.00875,0.00338,0.00833,0.02551,0.0048,0.00103,3.16265,4.07806,3.37697,2.02503,0.004,0.004,0.004
42,132.815,2.69021,3.22454,3.09219,1.84759,0.01333,0.04082,0.00875,0.00338,0.00833,0.02551,0.0048,0.00103,3.16265,4.07806,3.37697,2.02503,0.0041,0.0041,0.0041
43,135.83,2.79434,3.93732,3.05647,1.81184,0.01333,0.04082,0.00882,0.00402,0.01,0.03061,0.00549,0.00108,3.22035,4.10906,3.32338,2.06019,0.0042,0.0042,0.0042
44,138.923,2.53607,3.47248,3.06836,1.78376,0.01333,0.04082,0.00882,0.00402,0.01,0.03061,0.00549,0.00108,3.22035,4.10906,3.32338,2.06019,0.0043,0.0043,0.0043
45,142.249,2.68904,3.71628,3.09579,1.8994,0.01333,0.04082,0.01141,0.00498,0.015,0.04592,0.00989,0.00283,3.01664,3.98524,3.23979,1.87017,0.0044,0.0044,0.0044
46,145.572,2.50669,3.23837,3.12406,1.69685,0.01333,0.04082,0.01141,0.00498,0.015,0.04592,0.00989,0.00283,3.01664,3.98524,3.23979,1.87017,0.0045,0.0045,0.0045
47,149.056,2.6358,3.61154,3.1175,1.90216,0.01667,0.05102,0.01334,0.00666,0.02,0.06122,0.015,0.00499,2.87579,3.94478,3.17176,1.65933,0.0046,0.0046,0.0046
48,151.994,2.75653,3.82111,2.92318,1.87929,0.01667,0.05102,0.01334,0.00666,0.02,0.06122,0.015,0.00499,2.87579,3.94478,3.17176,1.65933,0.0047,0.0047,0.0047
49,155.323,2.58534,3.26266,2.93032,1.6446,0.02,0.06122,0.01481,0.0064,0.01833,0.05612,0.01342,0.00438,2.80305,3.84255,3.13941,1.63396,0.0048,0.0048,0.0048
50,158.701,2.8729,3.64353,2.81114,1.83238,0.02,0.06122,0.01481,0.0064,0.01833,0.05612,0.01342,0.00438,2.80305,3.84255,3.13941,1.63396,0.0049,0.0049,0.0049
51,162.189,2.411,2.9622,2.87549,1.57866,0.02,0.06122,0.01514,0.00702,0.02167,0.06633,0.01508,0.00369,2.64436,3.88651,3.10038,1.54441,0.005,0.005,0.005
52,165.515,2.35702,2.90818,2.73244,1.69711,0.02,0.06122,0.01514,0.00702,0.02167,0.06633,0.01508,0.00369,2.64436,3.88651,3.10038,1.54441,0.0051,0.0051,0.0051
53,168.788,2.50218,3.25399,2.82723,1.67308,0.02,0.06122,0.01514,0.00702,0.02167,0.06633,0.01508,0.00369,2.64436,3.88651,3.10038,1.54441,0.0052,0.0052,0.0052
54,172.08,2.197,2.87807,2.66294,1.41432,0.02167,0.06633,0.01858,0.00942,0.025,0.07653,0.02242,0.00614,2.6182,3.79033,3.03142,1.50079,0.0053,0.0053,0.0053
55,175.621,2.24152,3.37881,2.76638,1.57727,0.02167,0.06633,0.01858,0.00942,0.025,0.07653,0.02242,0.00614,2.6182,3.79033,3.03142,1.50079,0.0054,0.0054,0.0054
56,178.795,2.3903,3.04495,2.61391,1.5086,0.02167,0.06633,0.01858,0.00942,0.025,0.07653,0.02242,0.00614,2.6182,3.79033,3.03142,1.50079,0.0055,0.0055,0.0055
57,182.37,2.92697,4.208,2.92146,1.84606,0.02,0.06122,0.01427,0.00756,0.01833,0.05612,0.01081,0.00299,2.59587,3.81164,3.03087,1.5142,0.0056,0.0056,0.0056
58,185.951,2.1243,3.02785,2.56352,1.49371,0.02,0.06122,0.01427,0.00756,0.01833,0.05612,0.01081,0.00299,2.59587,3.81164,3.03087,1.5142,0.0057,0.0057,0.0057
59,189.234,2.614,3.00317,2.46044,1.54171,0.02,0.06122,0.01427,0.00756,0.01833,0.05612,0.01081,0.00299,2.59587,3.81164,3.03087,1.5142,0.0058,0.0058,0.0058
60,192.943,2.53155,3.4675,2.77533,1.74416,0.02667,0.08163,0.0253,0.01186,0.02667,0.08163,0.02501,0.00777,2.31687,3.51111,2.8306,1.34815,0.0059,0.0059,0.0059
61,196.416,2.69944,2.96321,2.65143,1.77613,0.02667,0.08163,0.0253,0.01186,0.02667,0.08163,0.02501,0.00777,2.31687,3.51111,2.8306,1.34815,0.006,0.006,0.006
62,199.693,2.14836,3.51288,2.50393,1.46397,0.02667,0.08163,0.0253,0.01186,0.02667,0.08163,0.02501,0.00777,2.31687,3.51111,2.8306,1.34815,0.0061,0.0061,0.0061
63,203.4,2.38175,3.22756,2.56367,1.51658,0.02667,0.08163,0.02755,0.01574,0.02167,0.06633,0.02629,0.00589,2.24217,3.55753,2.79468,1.3748,0.0062,0.0062,0.0062
64,206.74,2.44786,3.48003,2.75824,1.71728,0.02667,0.08163,0.02755,0.01574,0.02167,0.06633,0.02629,0.00589,2.24217,3.55753,2.79468,1.3748,0.0063,0.0063,0.0063
65,210.117,2.07579,3.16752,2.49415,1.5996,0.02667,0.08163,0.02755,0.01574,0.02167,0.06633,0.02629,0.00589,2.24217,3.55753,2.79468,1.3748,0.0064,0.0064,0.0064
66,213.683,2.9889,2.86648,2.46529,1.81278,0.03167,0.09694,0.02625,0.01489,0.01833,0.05612,0.01566,0.00395,2.46523,3.92209,2.75103,1.47121,0.0065,0.0065,0.0065
67,217.083,2.43098,2.78859,2.27426,1.594,0.03167,0.09694,0.02625,0.01489,0.01833,0.05612,0.01566,0.00395,2.46523,3.92209,2.75103,1.47121,0.0066,0.0066,0.0066
68,220.487,2.83838,4.01345,2.46633,1.86055,0.03167,0.09694,0.02625,0.01489,0.01833,0.05612,0.01566,0.00395,2.46523,3.92209,2.75103,1.47121,0.0067,0.0067,0.0067
69,223.974,2.44081,3.32457,2.34635,1.59779,0.03,0.09184,0.03719,0.02102,0.02,0.06122,0.01599,0.00463,2.46484,3.65083,2.67986,1.44819,0.0068,0.0068,0.0068
70,227.376,2.36515,3.33385,2.61465,1.67973,0.03,0.09184,0.03719,0.02102,0.02,0.06122,0.01599,0.00463,2.46484,3.65083,2.67986,1.44819,0.0069,0.0069,0.0069
71,231.096,2.43155,3.14365,2.13257,1.50345,0.03,0.09184,0.03719,0.02102,0.02,0.06122,0.01599,0.00463,2.46484,3.65083,2.67986,1.44819,0.007,0.007,0.007
72,234.991,2.39818,3.06008,2.10415,1.53256,0.03167,0.09694,0.03849,0.01836,0.02667,0.08163,0.0291,0.00741,2.59948,3.66822,2.51104,1.39258,0.0071,0.0071,0.0071
73,238.679,2.53743,3.27081,2.40381,1.59929,0.03167,0.09694,0.03849,0.01836,0.02667,0.08163,0.0291,0.00741,2.59948,3.66822,2.51104,1.39258,0.0072,0.0072,0.0072
74,242.08,2.21049,2.99126,2.29821,1.51022,0.03167,0.09694,0.03849,0.01836,0.02667,0.08163,0.0291,0.00741,2.59948,3.66822,2.51104,1.39258,0.0073,0.0073,0.0073
75,245.883,2.60496,2.95023,2.32261,1.65731,0.02833,0.08673,0.04673,0.02113,0.01833,0.05612,0.0279,0.00625,2.67584,3.27636,2.43045,1.46337,0.0074,0.0074,0.0074
76,249.334,1.98744,2.97899,2.12057,1.37872,0.02833,0.08673,0.04673,0.02113,0.01833,0.05612,0.0279,0.00625,2.67584,3.27636,2.43045,1.46337,0.0075,0.0075,0.0075
77,253.055,2.21414,2.89305,1.7825,1.35152,0.02833,0.08673,0.04673,0.02113,0.01833,0.05612,0.0279,0.00625,2.67584,3.27636,2.43045,1.46337,0.0076,0.0076,0.0076
78,256.699,2.35614,2.70962,2.11865,1.52721,0.02667,0.08163,0.03869,0.02097,0.01667,0.05102,0.01702,0.0059,3.01939,3.39545,2.50133,1.53914,0.0077,0.0077,0.0077
79,259.932,2.23465,2.52623,1.9334,1.4015,0.02667,0.08163,0.03869,0.02097,0.01667,0.05102,0.01702,0.0059,3.01939,3.39545,2.50133,1.53914,0.0078,0.0078,0.0078
80,263.607,1.9152,2.52231,1.92363,1.26846,0.02667,0.08163,0.03869,0.02097,0.01667,0.05102,0.01702,0.0059,3.01939,3.39545,2.50133,1.53914,0.0079,0.0079,0.0079
81,268.217,2.25486,3.25591,2.42117,1.51875,0.03167,0.09694,0.04369,0.02579,0.02,0.06122,0.01859,0.00436,2.82314,3.69463,2.43551,1.43671,0.008,0.008,0.008
82,271.537,2.10277,3.198,2.15877,1.5054,0.03167,0.09694,0.04369,0.02579,0.02,0.06122,0.01859,0.00436,2.82314,3.69463,2.43551,1.43671,0.0081,0.0081,0.0081
83,275.466,2.06365,2.75624,2.03262,1.40876,0.03167,0.09694,0.04369,0.02579,0.02,0.06122,0.01859,0.00436,2.82314,3.69463,2.43551,1.43671,0.0082,0.0082,0.0082
84,279.432,2.11886,3.12305,2.27607,1.48304,0.37051,0.03061,0.0487,0.02704,0.01807,0.02041,0.01756,0.00364,2.79491,4.00797,2.31375,1.54413,0.0083,0.0083,0.0083
85,283.266,2.18062,3.18848,2.27497,1.55239,0.37051,0.03061,0.0487,0.02704,0.01807,0.02041,0.01756,0.00364,2.79491,4.00797,2.31375,1.54413,0.0084,0.0084,0.0084
86,286.6,2.32958,3.49836,2.19589,1.5545,0.37051,0.03061,0.0487,0.02704,0.01807,0.02041,0.01756,0.00364,2.79491,4.00797,2.31375,1.54413,0.0085,0.0085,0.0085
87,290.18,2.4124,3.20173,2.13491,1.5241,0.37051,0.03061,0.0487,0.02704,0.01807,0.02041,0.01756,0.00364,2.79491,4.00797,2.31375,1.54413,0.0086,0.0086,0.0086
88,293.947,2.82664,3.72381,2.3144,1.80834,0.47841,0.02551,0.03404,0.01766,0.02333,0.07143,0.02223,0.00732,3.08794,3.78429,2.53775,1.71607,0.0087,0.0087,0.0087
89,297.887,2.12233,3.02465,2.14806,1.39676,0.47841,0.02551,0.03404,0.01766,0.02333,0.07143,0.02223,0.00732,3.08794,3.78429,2.53775,1.71607,0.0088,0.0088,0.0088
90,301.688,1.90258,3.26154,2.19888,1.42629,0.47841,0.02551,0.03404,0.01766,0.02333,0.07143,0.02223,0.00732,3.08794,3.78429,2.53775,1.71607,0.0089,0.0089,0.0089
91,305.728,2.3127,2.71649,1.85612,1.39142,0.47841,0.02551,0.03404,0.01766,0.02333,0.07143,0.02223,0.00732,3.08794,3.78429,2.53775,1.71607,0.009,0.009,0.009
92,309.429,2.01357,3.10895,2.20798,1.48374,0.23241,0.02551,0.03062,0.01402,0.16263,0.01531,0.01075,0.00302,3.26349,4.50242,2.63143,1.72559,0.0091,0.0091,0.0091
93,313.284,1.97602,3.30047,1.9903,1.41558,0.23241,0.02551,0.03062,0.01402,0.16263,0.01531,0.01075,0.00302,3.26349,4.50242,2.63143,1.72559,0.0092,0.0092,0.0092
94,317.375,2.44165,3.5947,2.34162,1.56519,0.23241,0.02551,0.03062,0.01402,0.16263,0.01531,0.01075,0.00302,3.26349,4.50242,2.63143,1.72559,0.0093,0.0093,0.0093
95,321.152,2.22707,3.2387,2.0477,1.47039,0.23241,0.02551,0.03062,0.01402,0.16263,0.01531,0.01075,0.00302,3.26349,4.50242,2.63143,1.72559,0.0094,0.0094,0.0094
96,325,2.5643,3.13943,2.37626,1.55437,0.07965,0.02041,0.01412,0.00512,0.04655,0.01531,0.01016,0.00307,3.38837,3.68499,2.69078,1.75183,0.0095,0.0095,0.0095
97,329.149,2.04936,2.88037,1.87613,1.34887,0.07965,0.02041,0.01412,0.00512,0.04655,0.01531,0.01016,0.00307,3.38837,3.68499,2.69078,1.75183,0.0096,0.0096,0.0096
98,332.98,2.49488,3.90861,2.61561,1.67508,0.07965,0.02041,0.01412,0.00512,0.04655,0.01531,0.01016,0.00307,3.38837,3.68499,2.69078,1.75183,0.0097,0.0097,0.0097
99,336.705,1.72787,2.45896,1.6507,1.23515,0.07965,0.02041,0.01412,0.00512,0.04655,0.01531,0.01016,0.00307,3.38837,3.68499,2.69078,1.75183,0.0098,0.0098,0.0098
100,340.511,1.80085,2.71553,1.75105,1.24021,0.02167,0.06633,0.01928,0.00966,0.01167,0.03571,0.00946,0.00195,3.40131,3.73689,2.75432,1.77801,0.0099,0.0099,0.0099
101,344.311,2.05517,3.03131,1.86262,1.41373,0.02167,0.06633,0.01928,0.00966,0.01167,0.03571,0.00946,0.00195,3.40131,3.73689,2.75432,1.77801,0.01,0.01,0.01
102,348.088,1.88422,2.897,1.55705,1.19018,0.02167,0.06633,0.01928,0.00966,0.01167,0.03571,0.00946,0.00195,3.40131,3.73689,2.75432,1.77801,0.01,0.01,0.01
103,351.95,2.55927,3.25435,2.18463,1.51355,0.02167,0.06633,0.01928,0.00966,0.01167,0.03571,0.00946,0.00195,3.40131,3.73689,2.75432,1.77801,0.01,0.01,0.01
104,356.011,1.81661,2.85736,1.67279,1.27616,0.22663,0.06122,0.06469,0.03396,0.14009,0.04082,0.04186,0.00971,2.33797,3.48081,2.03321,1.34783,0.01,0.01,0.01
105,359.645,1.99233,2.84061,1.90106,1.36302,0.22663,0.06122,0.06469,0.03396,0.14009,0.04082,0.04186,0.00971,2.33797,3.48081,2.03321,1.34783,0.01,0.01,0.01
106,363.181,2.57901,3.84114,2.37638,1.75908,0.22663,0.06122,0.06469,0.03396,0.14009,0.04082,0.04186,0.00971,2.33797,3.48081,2.03321,1.34783,0.01,0.01,0.01
107,367.111,2.29861,2.89812,1.93214,1.44059,0.22663,0.06122,0.06469,0.03396,0.14009,0.04082,0.04186,0.00971,2.33797,3.48081,2.03321,1.34783,0.01,0.01,0.01
108,370.941,2.17179,2.8624,1.83179,1.33402,0.33176,0.05612,0.06333,0.0349,0.08418,0.04592,0.03637,0.00877,2.41178,3.80761,2.06134,1.42763,0.01,0.01,0.01
109,374.539,2.29649,3.43054,2.23351,1.55888,0.33176,0.05612,0.06333,0.0349,0.08418,0.04592,0.03637,0.00877,2.41178,3.80761,2.06134,1.42763,0.01,0.01,0.01
110,378.141,2.05722,2.81517,1.94384,1.53601,0.33176,0.05612,0.06333,0.0349,0.08418,0.04592,0.03637,0.00877,2.41178,3.80761,2.06134,1.42763,0.01,0.01,0.01
111,381.747,2.6545,3.11162,2.01943,1.68563,0.33176,0.05612,0.06333,0.0349,0.08418,0.04592,0.03637,0.00877,2.41178,3.80761,2.06134,1.42763,0.01,0.01,0.01
112,385.824,2.09892,2.79697,1.69435,1.33718,0.45399,0.07214,0.08439,0.04963,0.25616,0.04592,0.06546,0.01715,2.25982,3.99344,1.83342,1.34682,0.01,0.01,0.01
113,389.717,2.03653,2.34951,1.79511,1.35472,0.45399,0.07214,0.08439,0.04963,0.25616,0.04592,0.06546,0.01715,2.25982,3.99344,1.83342,1.34682,0.01,0.01,0.01
114,393.606,1.99964,2.74975,1.65263,1.25782,0.45399,0.07214,0.08439,0.04963,0.25616,0.04592,0.06546,0.01715,2.25982,3.99344,1.83342,1.34682,0.01,0.01,0.01
115,397.172,1.87378,2.53814,1.76048,1.27754,0.45399,0.07214,0.08439,0.04963,0.25616,0.04592,0.06546,0.01715,2.25982,3.99344,1.83342,1.34682,0.01,0.01,0.01
116,400.945,2.10842,3.50943,2.04088,1.60897,0.24677,0.09184,0.08585,0.04964,0.14759,0.08673,0.07006,0.01925,2.21752,3.78779,1.82955,1.39908,0.01,0.01,0.01
117,404.689,1.85807,2.32795,1.49232,1.25156,0.24677,0.09184,0.08585,0.04964,0.14759,0.08673,0.07006,0.01925,2.21752,3.78779,1.82955,1.39908,0.01,0.01,0.01
118,408.177,1.82391,2.19847,1.59374,1.29867,0.24677,0.09184,0.08585,0.04964,0.14759,0.08673,0.07006,0.01925,2.21752,3.78779,1.82955,1.39908,0.01,0.01,0.01
119,412.213,2.10285,2.98937,1.85338,1.38824,0.24677,0.09184,0.08585,0.04964,0.14759,0.08673,0.07006,0.01925,2.21752,3.78779,1.82955,1.39908,0.01,0.01,0.01
120,416.206,2.08382,3.17424,1.84452,1.47046,0.36794,0.09208,0.09473,0.05065,0.20263,0.06122,0.05425,0.01628,2.29836,4.19081,1.76054,1.42087,0.01,0.01,0.01
121,420.475,1.87423,3.03702,1.77326,1.35279,0.36794,0.09208,0.09473,0.05065,0.20263,0.06122,0.05425,0.01628,2.29836,4.19081,1.76054,1.42087,0.01,0.01,0.01
122,424.207,2.47219,3.80644,2.46668,1.54098,0.36794,0.09208,0.09473,0.05065,0.20263,0.06122,0.05425,0.01628,2.29836,4.19081,1.76054,1.42087,0.01,0.01,0.01
123,427.944,1.72386,2.73531,1.45872,1.2102,0.36794,0.09208,0.09473,0.05065,0.20263,0.06122,0.05425,0.01628,2.29836,4.19081,1.76054,1.42087,0.01,0.01,0.01
124,432.021,2.06269,2.92176,1.67412,1.29088,0.43435,0.05102,0.07439,0.04967,0.31438,0.03061,0.0447,0.01107,2.35821,3.93632,1.86994,1.55895,0.01,0.01,0.01
125,435.727,2.29704,3.31106,1.83365,1.50119,0.43435,0.05102,0.07439,0.04967,0.31438,0.03061,0.0447,0.01107,2.35821,3.93632,1.86994,1.55895,0.01,0.01,0.01
126,439.495,2.19479,3.14109,1.94331,1.50709,0.43435,0.05102,0.07439,0.04967,0.31438,0.03061,0.0447,0.01107,2.35821,3.93632,1.86994,1.55895,0.01,0.01,0.01
127,444.02,2.0413,2.81759,1.73967,1.33129,0.43435,0.05102,0.07439,0.04967,0.31438,0.03061,0.0447,0.01107,2.35821,3.93632,1.86994,1.55895,0.01,0.01,0.01
128,448.009,2.00501,2.82935,1.62526,1.29152,0.15016,0.04082,0.05069,0.02619,0.04167,0.12755,0.03851,0.01016,2.62405,3.68283,2.17944,1.5099,0.01,0.01,0.01
129,451.966,1.93177,2.67386,1.53639,1.21621,0.15016,0.04082,0.05069,0.02619,0.04167,0.12755,0.03851,0.01016,2.62405,3.68283,2.17944,1.5099,0.01,0.01,0.01
130,455.847,2.05701,2.83308,1.62355,1.41563,0.15016,0.04082,0.05069,0.02619,0.04167,0.12755,0.03851,0.01016,2.62405,3.68283,2.17944,1.5099,0.01,0.01,0.01
131,459.828,2.36525,3.28812,2.21693,1.70715,0.15016,0.04082,0.05069,0.02619,0.04167,0.12755,0.03851,0.01016,2.62405,3.68283,2.17944,1.5099,0.01,0.01,0.01
132,463.803,2.11797,3.00607,1.64217,1.22769,0.34995,0.07653,0.08914,0.05029,0.20197,0.08163,0.06991,0.02408,2.31669,4.25921,1.82053,1.45943,0.01,0.01,0.01
133,467.82,2.06319,3.37646,2.239,1.43643,0.34995,0.07653,0.08914,0.05029,0.20197,0.08163,0.06991,0.02408,2.31669,4.25921,1.82053,1.45943,0.01,0.01,0.01
134,471.759,2.18371,2.84938,1.78483,1.35434,0.34995,0.07653,0.08914,0.05029,0.20197,0.08163,0.06991,0.02408,2.31669,4.25921,1.82053,1.45943,0.01,0.01,0.01
135,475.555,1.99651,3.25386,1.97433,1.40726,0.34995,0.07653,0.08914,0.05029,0.20197,0.08163,0.06991,0.02408,2.31669,4.25921,1.82053,1.45943,0.01,0.01,0.01
136,479.444,2.0478,2.73986,1.68322,1.23009,0.16878,0.06122,0.05807,0.02109,0.09246,0.03061,0.02818,0.00968,2.71113,6.35973,2.30069,1.81976,0.01,0.01,0.01
137,483.267,2.20006,3.68523,2.49405,1.47219,0.16878,0.06122,0.05807,0.02109,0.09246,0.03061,0.02818,0.00968,2.71113,6.35973,2.30069,1.81976,0.01,0.01,0.01
138,487.412,2.0141,2.9327,1.67482,1.38409,0.16878,0.06122,0.05807,0.02109,0.09246,0.03061,0.02818,0.00968,2.71113,6.35973,2.30069,1.81976,0.01,0.01,0.01
139,491.495,1.89496,2.97752,1.67524,1.29468,0.16878,0.06122,0.05807,0.02109,0.09246,0.03061,0.02818,0.00968,2.71113,6.35973,2.30069,1.81976,0.01,0.01,0.01
140,495.356,1.83415,2.49624,1.59431,1.29318,0.15436,0.03061,0.03472,0.01504,0.01167,0.03571,0.00624,0.00099,3.00472,5.44952,2.52205,1.82503,0.01,0.01,0.01
141,499.415,1.86369,2.76823,1.68531,1.40348,0.15436,0.03061,0.03472,0.01504,0.01167,0.03571,0.00624,0.00099,3.00472,5.44952,2.52205,1.82503,0.01,0.01,0.01
142,503.131,1.96576,2.58622,1.77137,1.42103,0.15436,0.03061,0.03472,0.01504,0.01167,0.03571,0.00624,0.00099,3.00472,5.44952,2.52205,1.82503,0.01,0.01,0.01
143,506.883,1.91369,2.92595,1.53808,1.1927,0.15436,0.03061,0.03472,0.01504,0.01167,0.03571,0.00624,0.00099,3.00472,5.44952,2.52205,1.82503,0.01,0.01,0.01
144,510.515,1.95937,3.0744,2.01562,1.44794,0.01667,0.05102,0.01464,0.00689,0.005,0.01531,0.00261,0.00077,3.26162,5.18322,2.86828,2.01803,0.01,0.01,0.01
145,514.65,2.30559,2.82664,1.85119,1.36359,0.01667,0.05102,0.01464,0.00689,0.005,0.01531,0.00261,0.00077,3.26162,5.18322,2.86828,2.01803,0.01,0.01,0.01
146,519.536,2.69357,2.93433,2.04889,1.50856,0.01667,0.05102,0.01464,0.00689,0.005,0.01531,0.00261,0.00077,3.26162,5.18322,2.86828,2.01803,0.01,0.01,0.01
147,523.309,1.84701,2.79688,1.80994,1.28677,0.01667,0.05102,0.01464,0.00689,0.005,0.01531,0.00261,0.00077,3.26162,5.18322,2.86828,2.01803,0.01,0.01,0.01
148,527.293,1.67175,2.21215,1.45149,1.23312,0.02167,0.06633,0.0125,0.00377,0.01263,0.0102,0.00188,0.00019,3.57677,5.09678,3.86155,2.08738,0.01,0.01,0.01
149,531.448,2.12564,2.70994,1.57513,1.24749,0.02167,0.06633,0.0125,0.00377,0.01263,0.0102,0.00188,0.00019,3.57677,5.09678,3.86155,2.08738,0.01,0.01,0.01
150,535.419,2.61521,2.73633,2.04014,1.55687,0.02167,0.06633,0.0125,0.00377,0.01263,0.0102,0.00188,0.00019,3.57677,5.09678,3.86155,2.08738,0.01,0.01,0.01
151,539.407,1.9093,2.92903,1.66935,1.22481,0.02167,0.06633,0.0125,0.00377,0.01263,0.0102,0.00188,0.00019,3.57677,5.09678,3.86155,2.08738,0.01,0.01,0.01
152,543.474,2.3764,3.5813,2.4214,1.50395,0.02333,0.07143,0.01286,0.00544,0.00333,0.0102,0.00171,0.00051,3.44573,5.75002,7.81656,2.10307,0.01,0.01,0.01
153,547.384,1.864,2.96522,1.64167,1.27817,0.02333,0.07143,0.01286,0.00544,0.00333,0.0102,0.00171,0.00051,3.44573,5.75002,7.81656,2.10307,0.01,0.01,0.01
154,551.215,2.16194,3.10078,1.88259,1.36788,0.02333,0.07143,0.01286,0.00544,0.00333,0.0102,0.00171,0.00051,3.44573,5.75002,7.81656,2.10307,0.01,0.01,0.01
155,555.413,2.15888,3.16105,1.85646,1.37489,0.02333,0.07143,0.01286,0.00544,0.00333,0.0102,0.00171,0.00051,3.44573,5.75002,7.81656,2.10307,0.01,0.01,0.01
156,559.747,2.13286,2.79914,1.75126,1.29826,0.04486,0.10204,0.01972,0.00829,0.03638,0.09184,0.01785,0.00495,3.22976,4.62863,30.7475,2.35355,0.01,0.01,0.01
157,563.856,1.873,2.75239,1.5957,1.23627,0.04486,0.10204,0.01972,0.00829,0.03638,0.09184,0.01785,0.00495,3.22976,4.62863,30.7475,2.35355,0.01,0.01,0.01
158,567.77,1.98728,2.84985,1.5652,1.24901,0.04486,0.10204,0.01972,0.00829,0.03638,0.09184,0.01785,0.00495,3.22976,4.62863,30.7475,2.35355,0.01,0.01,0.01
159,571.793,1.85068,2.64849,1.45897,1.24691,0.04486,0.10204,0.01972,0.00829,0.03638,0.09184,0.01785,0.00495,3.22976,4.62863,30.7475,2.35355,0.01,0.01,0.01
160,576.3,1.838,2.84145,1.56565,1.21954,0.03793,0.08163,0.01712,0.00687,0.03668,0.11224,0.02097,0.0073,3.28326,4.90786,43.2493,2.66148,0.01,0.01,0.01
161,580.83,1.77852,2.70062,1.59914,1.19748,0.03793,0.08163,0.01712,0.00687,0.03668,0.11224,0.02097,0.0073,3.28326,4.90786,43.2493,2.66148,0.01,0.01,0.01
162,585.137,1.73783,3.23217,1.45061,1.20983,0.03793,0.08163,0.01712,0.00687,0.03668,0.11224,0.02097,0.0073,3.28326,4.90786,43.2493,2.66148,0.01,0.01,0.01
163,588.878,1.9636,3.24877,1.59795,1.3289,0.03793,0.08163,0.01712,0.00687,0.03668,0.11224,0.02097,0.0073,3.28326,4.90786,43.2493,2.66148,0.01,0.01,0.01
164,593.076,1.82449,2.66637,1.5113,1.18922,0.025,0.07653,0.0136,0.00644,0.00167,0.0051,0.00084,0.00034,3.03552,6.29831,8.97672,1.82952,0.01,0.01,0.01
165,597.332,1.96829,3.07471,1.60666,1.38235,0.025,0.07653,0.0136,0.00644,0.00167,0.0051,0.00084,0.00034,3.03552,6.29831,8.97672,1.82952,0.01,0.01,0.01
166,601.39,1.71896,2.99248,1.38453,1.21567,0.025,0.07653,0.0136,0.00644,0.00167,0.0051,0.00084,0.00034,3.03552,6.29831,8.97672,1.82952,0.01,0.01,0.01
167,605.468,1.98931,2.95915,1.644,1.28638,0.025,0.07653,0.0136,0.00644,0.00167,0.0051,0.00084,0.00034,3.03552,6.29831,8.97672,1.82952,0.01,0.01,0.01
168,609.798,1.92659,3.09759,1.57359,1.28488,0.02167,0.06633,0.01184,0.00502,0,0,0,0,3.17452,6.88578,3.42455,2.02693,0.01,0.01,0.01
169,614.445,2.0774,2.77452,1.54584,1.25939,0.02167,0.06633,0.01184,0.00502,0,0,0,0,3.17452,6.88578,3.42455,2.02693,0.01,0.01,0.01
170,618.744,2.07932,2.6754,1.58819,1.29434,0.02167,0.06633,0.01184,0.00502,0,0,0,0,3.17452,6.88578,3.42455,2.02693,0.01,0.01,0.01
171,623.035,2.27354,2.7894,1.60441,1.36649,0.02167,0.06633,0.01184,0.00502,0,0,0,0,3.17452,6.88578,3.42455,2.02693,0.01,0.01,0.01
172,627.098,1.87453,3.03305,1.90117,1.30089,0.16926,0.10714,0.04172,0.01979,0.15391,0.11224,0.04249,0.01536,2.35373,4.7561,9.90593,1.79094,0.01,0.01,0.01
173,630.844,1.64888,2.52883,1.44668,1.17161,0.16926,0.10714,0.04172,0.01979,0.15391,0.11224,0.04249,0.01536,2.35373,4.7561,9.90593,1.79094,0.01,0.01,0.01
174,635.206,1.98881,2.4292,1.37197,1.20515,0.16926,0.10714,0.04172,0.01979,0.15391,0.11224,0.04249,0.01536,2.35373,4.7561,9.90593,1.79094,0.01,0.01,0.01
175,639.249,2.18299,2.92837,1.51734,1.36544,0.16926,0.10714,0.04172,0.01979,0.15391,0.11224,0.04249,0.01536,2.35373,4.7561,9.90593,1.79094,0.01,0.01,0.01
176,643,1.99118,2.63386,1.49037,1.19902,0.02786,0.01531,0.00554,0.00216,0.00667,0.02041,0.00344,0.00137,3.61605,5.51812,32.3847,3.57309,0.01,0.01,0.01
177,647.06,1.80342,2.55046,1.33262,1.13632,0.02786,0.01531,0.00554,0.00216,0.00667,0.02041,0.00344,0.00137,3.61605,5.51812,32.3847,3.57309,0.01,0.01,0.01
178,651.134,1.75316,2.57542,1.32956,1.10636,0.02786,0.01531,0.00554,0.00216,0.00667,0.02041,0.00344,0.00137,3.61605,5.51812,32.3847,3.57309,0.01,0.01,0.01
179,654.403,2.00888,2.74949,1.81775,1.27581,0.02786,0.01531,0.00554,0.00216,0.00667,0.02041,0.00344,0.00137,3.61605,5.51812,32.3847,3.57309,0.01,0.01,0.01
180,658.505,2.11128,2.98787,1.53534,1.31686,0.00833,0.02551,0.00435,0.00128,0.00667,0.02041,0.0034,0.00076,3.80462,4.48725,39.6523,3.82198,0.01,0.01,0.01
181,662.786,1.80331,2.77558,1.39745,1.20379,0.00833,0.02551,0.00435,0.00128,0.00667,0.02041,0.0034,0.00076,3.80462,4.48725,39.6523,3.82198,0.01,0.01,0.01
182,666.25,1.89218,2.69584,1.54589,1.226,0.00833,0.02551,0.00435,0.00128,0.00667,0.02041,0.0034,0.00076,3.80462,4.48725,39.6523,3.82198,0.01,0.01,0.01
183,670.148,2.18403,3.72303,2.10299,1.39687,0.00833,0.02551,0.00435,0.00128,0.00667,0.02041,0.0034,0.00076,3.80462,4.48725,39.6523,3.82198,0.01,0.01,0.01
184,674.443,2.0839,3.52905,1.99626,1.20952,0.025,0.07653,0.01407,0.00555,0.02833,0.08673,0.01557,0.00456,3.13464,3.9979,24.5047,2.72825,0.01,0.01,0.01
185,678.077,1.67429,2.64461,1.50985,1.20012,0.025,0.07653,0.01407,0.00555,0.02833,0.08673,0.01557,0.00456,3.13464,3.9979,24.5047,2.72825,0.01,0.01,0.01
186,681.878,1.57709,2.62607,1.31716,1.14603,0.025,0.07653,0.01407,0.00555,0.02833,0.08673,0.01557,0.00456,3.13464,3.9979,24.5047,2.72825,0.01,0.01,0.01
187,686.116,1.71472,2.75974,1.3965,1.16335,0.025,0.07653,0.01407,0.00555,0.02833,0.08673,0.01557,0.00456,3.13464,3.9979,24.5047,2.72825,0.01,0.01,0.01
188,690.205,1.66603,2.38127,1.26683,1.13477,0.01833,0.05612,0.01046,0.004,0.015,0.04592,0.00794,0.00182,3.35443,3.7202,27.1727,3.0095,0.01,0.01,0.01
189,693.741,2.03891,3.00864,1.59938,1.39439,0.01833,0.05612,0.01046,0.004,0.015,0.04592,0.00794,0.00182,3.35443,3.7202,27.1727,3.0095,0.01,0.01,0.01
190,697.838,1.6542,2.889,1.25986,1.11304,0.01833,0.05612,0.01046,0.004,0.015,0.04592,0.00794,0.00182,3.35443,3.7202,27.1727,3.0095,0.01,0.01,0.01
191,701.447,1.71734,2.82279,1.49356,1.17697,0.01833,0.05612,0.01046,0.004,0.015,0.04592,0.00794,0.00182,3.35443,3.7202,27.1727,3.0095,0.01,0.01,0.01
192,705.263,1.78276,2.84966,1.31294,1.14871,0.00333,0.0102,0.00169,0.00025,0.00833,0.02551,0.00427,0.00085,3.73226,5.85425,38.9963,3.37878,0.01,0.01,0.01
193,709.165,1.85856,2.7466,1.39933,1.1807,0.00333,0.0102,0.00169,0.00025,0.00833,0.02551,0.00427,0.00085,3.73226,5.85425,38.9963,3.37878,0.01,0.01,0.01
194,713.304,1.73015,2.77597,1.42035,1.20433,0.00333,0.0102,0.00169,0.00025,0.00833,0.02551,0.00427,0.00085,3.73226,5.85425,38.9963,3.37878,0.01,0.01,0.01
195,717.142,2.09048,2.70865,1.5011,1.27099,0.00333,0.0102,0.00169,0.00025,0.00833,0.02551,0.00427,0.00085,3.73226,5.85425,38.9963,3.37878,0.01,0.01,0.01
196,721.043,1.89562,3.09546,1.49573,1.26821,0.05215,0.06122,0.02049,0.00836,0.02,0.06122,0.01068,0.00305,3.01552,6.47589,11.1939,2.01834,0.01,0.01,0.01
197,725.117,1.99112,3.0265,1.59279,1.27889,0.05215,0.06122,0.02049,0.00836,0.02,0.06122,0.01068,0.00305,3.01552,6.47589,11.1939,2.01834,0.01,0.01,0.01
198,728.903,1.7241,3.10385,1.42798,1.16544,0.05215,0.06122,0.02049,0.00836,0.02,0.06122,0.01068,0.00305,3.01552,6.47589,11.1939,2.01834,0.01,0.01,0.01
199,732.789,1.83239,2.82856,1.39508,1.14337,0.05215,0.06122,0.02049,0.00836,0.02,0.06122,0.01068,0.00305,3.01552,6.47589,11.1939,2.01834,0.01,0.01,0.01
200,736.844,2.09935,2.96606,1.73767,1.46403,0.03667,0.11224,0.0204,0.00727,0.03333,0.10204,0.01837,0.00602,3.19853,5.34487,11.7308,1.96645,0.01,0.01,0.01
201,740.737,1.71015,2.71719,1.32882,1.16479,0.03667,0.11224,0.0204,0.00727,0.03333,0.10204,0.01837,0.00602,3.19853,5.34487,11.7308,1.96645,0.01,0.01,0.01
202,744.751,1.76366,2.44384,1.42821,1.21785,0.03667,0.11224,0.0204,0.00727,0.03333,0.10204,0.01837,0.00602,3.19853,5.34487,11.7308,1.96645,0.01,0.01,0.01
203,748.433,1.79627,2.75672,1.25249,1.11786,0.03667,0.11224,0.0204,0.00727,0.03333,0.10204,0.01837,0.00602,3.19853,5.34487,11.7308,1.96645,0.01,0.01,0.01
204,752.733,2.06529,2.99139,1.37,1.20738,0.03167,0.09694,0.01737,0.00698,0.02167,0.06633,0.01155,0.00371,3.43734,4.75439,9.56597,2.0496,0.01,0.01,0.01
205,756.906,2.08869,3.12115,1.66637,1.40385,0.03167,0.09694,0.01737,0.00698,0.02167,0.06633,0.01155,0.00371,3.43734,4.75439,9.56597,2.0496,0.01,0.01,0.01
206,760.809,1.66572,2.61872,1.2445,1.14728,0.03167,0.09694,0.01737,0.00698,0.02167,0.06633,0.01155,0.00371,3.43734,4.75439,9.56597,2.0496,0.01,0.01,0.01
207,764.693,1.68995,2.74303,1.29075,1.08407,0.03167,0.09694,0.01737,0.00698,0.02167,0.06633,0.01155,0.00371,3.43734,4.75439,9.56597,2.0496,0.01,0.01,0.01
208,768.648,1.68215,2.59814,1.30142,1.16023,0.03667,0.11224,0.02101,0.00717,0.025,0.07653,0.01353,0.00416,3.03814,5.1686,9.47141,2.14899,0.01,0.01,0.01
209,772.648,1.74885,2.74428,1.33491,1.18387,0.03667,0.11224,0.02101,0.00717,0.025,0.07653,0.01353,0.00416,3.03814,5.1686,9.47141,2.14899,0.01,0.01,0.01
210,776.37,1.97182,2.6955,1.46165,1.26948,0.03667,0.11224,0.02101,0.00717,0.025,0.07653,0.01353,0.00416,3.03814,5.1686,9.47141,2.14899,0.01,0.01,0.01
211,780.191,1.51546,2.73105,1.27055,1.11404,0.03667,0.11224,0.02101,0.00717,0.025,0.07653,0.01353,0.00416,3.03814,5.1686,9.47141,2.14899,0.01,0.01,0.01
212,784.362,1.74,2.62124,1.23537,1.08335,0.11915,0.11735,0.03646,0.01955,0.09461,0.09184,0.03182,0.00918,2.29622,5.74971,7.47343,1.92441,0.01,0.01,0.01
213,788.178,1.96395,2.87147,1.34688,1.14449,0.11915,0.11735,0.03646,0.01955,0.09461,0.09184,0.03182,0.00918,2.29622,5.74971,7.47343,1.92441,0.01,0.01,0.01
214,792.217,1.89232,2.97978,1.46066,1.2087,0.11915,0.11735,0.03646,0.01955,0.09461,0.09184,0.03182,0.00918,2.29622,5.74971,7.47343,1.92441,0.01,0.01,0.01
215,795.913,1.80641,2.33772,1.3889,1.21844,0.11915,0.11735,0.03646,0.01955,0.09461,0.09184,0.03182,0.00918,2.29622,5.74971,7.47343,1.92441,0.01,0.01,0.01
216,800.005,2.05741,2.81668,1.44233,1.21596,0.11412,0.10204,0.03173,0.01734,0.08067,0.08163,0.02763,0.00989,2.29931,6.03114,4.8098,1.97147,0.01,0.01,0.01
217,803.953,1.79961,2.65033,1.25818,1.151,0.11412,0.10204,0.03173,0.01734,0.08067,0.08163,0.02763,0.00989,2.29931,6.03114,4.8098,1.97147,0.01,0.01,0.01
218,807.752,1.85205,2.9857,1.51097,1.29161,0.11412,0.10204,0.03173,0.01734,0.08067,0.08163,0.02763,0.00989,2.29931,6.03114,4.8098,1.97147,0.01,0.01,0.01
219,811.485,1.59196,2.28091,1.20873,1.07478,0.11412,0.10204,0.03173,0.01734,0.08067,0.08163,0.02763,0.00989,2.29931,6.03114,4.8098,1.97147,0.01,0.01,0.01
220,815.357,1.74391,2.44692,1.28074,1.1342,0.12406,0.10204,0.0393,0.01903,0.12525,0.10714,0.03866,0.01278,2.36599,4.81188,4.03995,1.81485,0.01,0.01,0.01
221,819.617,2.12775,3.1022,1.77231,1.22855,0.12406,0.10204,0.0393,0.01903,0.12525,0.10714,0.03866,0.01278,2.36599,4.81188,4.03995,1.81485,0.01,0.01,0.01
222,823.578,1.58554,2.53759,1.25565,1.107,0.12406,0.10204,0.0393,0.01903,0.12525,0.10714,0.03866,0.01278,2.36599,4.81188,4.03995,1.81485,0.01,0.01,0.01
223,827.345,1.92232,2.98629,1.45135,1.20274,0.12406,0.10204,0.0393,0.01903,0.12525,0.10714,0.03866,0.01278,2.36599,4.81188,4.03995,1.81485,0.01,0.01,0.01
224,831.62,2.01927,2.76637,1.59108,1.19914,0.025,0.07653,0.01443,0.00474,0.02014,0.06122,0.01128,0.00412,3.60742,5.67934,6.19084,2.79272,0.01,0.01,0.01
225,835.686,1.6976,2.72002,1.26831,1.13617,0.025,0.07653,0.01443,0.00474,0.02014,0.06122,0.01128,0.00412,3.60742,5.67934,6.19084,2.79272,0.01,0.01,0.01
226,839.692,1.68116,2.41584,1.23893,1.14973,0.025,0.07653,0.01443,0.00474,0.02014,0.06122,0.01128,0.00412,3.60742,5.67934,6.19084,2.79272,0.01,0.01,0.01
227,843.568,2.01122,2.50316,1.33372,1.12191,0.025,0.07653,0.01443,0.00474,0.02014,0.06122,0.01128,0.00412,3.60742,5.67934,6.19084,2.79272,0.01,0.01,0.01
228,847.426,1.73027,2.78637,1.32659,1.1362,0.06697,0.07143,0.02097,0.00958,0.06695,0.08163,0.02487,0.00645,3.23089,5.65309,4.02448,2.54308,0.01,0.01,0.01
229,851.871,1.60243,2.58725,1.25166,1.10043,0.06697,0.07143,0.02097,0.00958,0.06695,0.08163,0.02487,0.00645,3.23089,5.65309,4.02448,2.54308,0.01,0.01,0.01
230,855.735,1.81243,2.48982,1.23889,1.10187,0.06697,0.07143,0.02097,0.00958,0.06695,0.08163,0.02487,0.00645,3.23089,5.65309,4.02448,2.54308,0.01,0.01,0.01
231,859.817,1.76369,2.45684,1.24077,1.09746,0.06697,0.07143,0.02097,0.00958,0.06695,0.08163,0.02487,0.00645,3.23089,5.65309,4.02448,2.54308,0.01,0.01,0.01
232,864.626,1.63879,2.34206,1.11353,1.03692,0.04372,0.09694,0.0223,0.00746,0.04081,0.10714,0.0206,0.00537,3.47841,5.93983,4.1354,2.54303,0.01,0.01,0.01
